{
    "8": [
        0.5883106109686196,
        0.6957397420192137,
        -1,
        -1,
        -1
    ],
    "9": [
        -1,
        1.6887861429713666,
        1.6034770740079693,
        1.299770787009038,
        -1
    ],
    "10": [
        2.285240060009528,
        2.561912884004414,
        2.278115103021264,
        2.3686225099954754,
        1.456987014040351
    ],
    "11": [
        2.767101951991208,
        2.203367041016463,
        3.283922705973964,
        2.258944704022724,
        2.251945461030118
    ],
    "12": [
        2.313013545004651,
        3.8557564139482565,
        2.5442075339960866,
        2.702580975019373,
        2.1676193439634517
    ],
    "13": [
        2.0264170540031046,
        2.496339256002102,
        3.1708070620079525,
        3.5285667440039106,
        2.8049367949715815
    ],
    "14": [
        3.460449836042244,
        2.977156010980252,
        4.230496360978577,
        5.065016067994293,
        2.9882435990148224
    ],
    "15": [
        5.0022705610026605,
        3.3580410599824972,
        4.350934152957052,
        8.273734777991194,
        4.763218753039837
    ],
    "16": [
        2.5342968640034087,
        5.565101377025712,
        6.05455720203463,
        7.449306107009761,
        6.375882141001057
    ],
    "17": [
        6.316835318983067,
        8.509849387046415,
        7.838026395998895,
        7.564232727047056,
        8.88063875597436
    ],
    "18": [
        9.276874246017542,
        4.103303696960211,
        11.527235286019277,
        12.240317240008153,
        9.957333653990645
    ],
    "19": [
        10.357883464021143,
        8.015478030021768,
        12.467154424986802,
        7.910182159976102,
        8.52577162598027
    ],
    "20": [
        6.951152444991749,
        13.386611874972004,
        7.246638638025615,
        9.63627879001433,
        11.02178750798339
    ],
    "21": [
        9.980329713027459,
        13.743884475028608,
        9.612135055009276,
        12.5742374919937,
        11.939644197991583
    ],
    "22": [
        15.185203690023627,
        7.422003649000544,
        14.50715867098188,
        16.473263507010415,
        9.845012131961994
    ],
    "23": [
        10.923812132969033,
        13.998328686982859,
        12.396424737991765,
        17.863445034017786,
        14.81800268101506
    ],
    "24": [
        19.59612380398903,
        14.343792077968828,
        17.449703962018248,
        22.444593348016497,
        13.700108333025128
    ],
    "25": [
        11.930186877027154,
        17.326151444984134,
        10.205670954019297,
        10.093374099000357,
        5.618338392989244
    ],
    "26": [
        16.328199637995567,
        25.497043919051066,
        11.955526398960501,
        9.029685380985029,
        25.300175113021396
    ],
    "27": [
        11.326737072959077,
        18.521048494963907,
        16.843622347980272,
        12.617209606978577,
        12.010236094007269
    ],
    "28": [
        27.176956806040835,
        27.31902421603445,
        13.067011017992627,
        22.739918206993025,
        22.601494934991933
    ],
    "29": [
        17.40436135197524,
        23.813526430982165,
        19.0588219279889,
        10.537754493008833,
        25.272057475987822
    ],
    "30": [
        33.94431563297985,
        25.564391208987217,
        29.574029478011653,
        42.33477115503047,
        22.399441991001368
    ]
}
