{
    "8": [
        -1,
        -1,
        -1,
        -1,
        -1
    ],
    "9": [
        -1,
        0.21115907898638397,
        -1,
        -1,
        -1
    ],
    "10": [
        0.2107315490138717,
        0.31210761197144166,
        0.3242949709529057,
        0.05637406901223585,
        -1
    ],
    "11": [
        0.19318997295340523,
        0.2337228530086577,
        0.38954432896571234,
        0.2890507560223341,
        0.30976966000162065
    ],
    "12": [
        0.14753292698878795,
        0.2918785550282337,
        0.04940041102236137,
        0.2348309889785014,
        0.2518766559660435
    ],
    "13": [
        0.29046522302087396,
        0.4475448779994622,
        0.15287945803720504,
        0.004832745005842298,
        0.42080432502552867
    ],
    "14": [
        0.26255840802332386,
        0.05249943200033158,
        0.49585051904432476,
        0.31970554299186915,
        0.19252989499364048
    ],
    "15": [
        0.4473971240222454,
        0.2662999510066584,
        0.3620418289792724,
        0.43289875698974356,
        0.42024927597958595
    ],
    "16": [
        0.5390851789852604,
        0.28058811696246266,
        0.37785020197043195,
        0.24065107700880617,
        0.005373644991777837
    ],
    "17": [
        0.36366883100708947,
        0.2881008699769154,
        0.24355409102281556,
        0.392612729978282,
        0.4512521729920991
    ],
    "18": [
        0.38442272500833496,
        0.5603774199844338,
        0.2172236799960956,
        0.17335379298310727,
        0.23233925801469013
    ],
    "19": [
        0.488769871997647,
        0.42476234899368137,
        0.06800526799634099,
        0.08858142595272511,
        0.37126888101920485
    ],
    "20": [
        0.07578360504703596,
        0.006075743993278593,
        0.7488858559518121,
        0.27190220600459725,
        0.2946431759628467
    ],
    "21": [
        0.10090251901419833,
        0.40214516199193895,
        0.08659403398633003,
        0.15389288699952886,
        0.1577331479638815
    ],
    "22": [
        0.6278733930084854,
        0.035011353029403836,
        0.07405383896548301,
        0.4639195939525962,
        0.8744945829967037
    ],
    "23": [
        0.4781389770214446,
        0.22722129797330126,
        0.12211631896207109,
        0.5634671640000306,
        0.08297243900597095
    ],
    "24": [
        0.39816925599006936,
        0.2668411339982413,
        0.48298991098999977,
        0.10883989895228297,
        0.22711191099369898
    ],
    "25": [
        0.0063466650317423046,
        0.7677566329948604,
        0.30638529994757846,
        0.3118650109972805,
        0.5275779609801248
    ],
    "26": [
        0.05858156201429665,
        0.1152997849858366,
        0.48308076296234503,
        0.3642187169753015,
        0.2562305460451171
    ],
    "27": [
        0.4846921249991283,
        0.06228654197184369,
        0.006844193034339696,
        0.6151424430427141,
        0.11639039899455383
    ],
    "28": [
        0.749344169977121,
        0.501415437029209,
        0.6576078200014308,
        0.35077112301951274,
        0.47981803299626336
    ],
    "29": [
        0.2652036740328185,
        0.6203728429973125,
        0.7247809729888104,
        0.7228000650065951,
        0.28218168002786115
    ],
    "30": [
        0.3098481720080599,
        0.18895888898987323,
        0.8938215869711712,
        0.12962271401192993,
        0.5321204990032129
    ],
    "31": [
        0.08134769700700417,
        0.27248696703463793,
        0.6853044629679061,
        0.5165087669738568,
        0.45541476702783257
    ],
    "32": [
        0.4291331970016472,
        0.5458921539830044,
        0.5479884420055896,
        0.18417597498046234,
        0.21624295704532415
    ],
    "33": [
        0.2677321130177006,
        0.48832852399209514,
        0.42365065700141713,
        0.2124593990156427,
        0.08368333202088252
    ],
    "34": [
        0.456299162004143,
        0.8237691309768707,
        0.09297249699011445,
        0.3622485949890688,
        0.28551611298462376
    ],
    "35": [
        0.37601231096778065,
        0.39722624997375533,
        0.08430195198161528,
        0.2565010580001399,
        0.45018598600290716
    ],
    "36": [
        1.0028564860112965,
        0.16001435898942873,
        0.5560601759934798,
        0.6793804959743284,
        0.4495358159765601
    ],
    "37": [
        0.10563967499183491,
        0.5143653129925951,
        0.5751041069743223,
        0.7979300610022619,
        0.10398047597846016
    ],
    "38": [
        0.7184950040536933,
        0.5501759050530382,
        0.658381586021278,
        0.8648702370119281,
        0.2645264189923182
    ],
    "39": [
        0.1403778879903257,
        0.39075385697651654,
        0.20058337098453194,
        0.11017943400656804,
        0.722817556001246
    ],
    "40": [
        0.22403736104024574,
        0.6508640890242532,
        0.36839765100739896,
        1.1459974530152977,
        0.3523497589631006
    ],
    "41": [
        0.6429207499604672,
        0.6309332210221328,
        0.26829114300198853,
        0.8333796400111169,
        0.27124057500623167
    ],
    "42": [
        1.1369510159711353,
        0.3979837149963714,
        0.9954177159816027,
        0.7966606079717167,
        0.010538892005570233
    ],
    "43": [
        0.5638278719852678,
        1.2563077689846978,
        0.2170989720034413,
        0.47772998397704214,
        0.24389799201162532
    ],
    "44": [
        0.010621344030369073,
        1.5847470499575138,
        1.331172457023058,
        0.6013321790378541,
        0.010634948965162039
    ],
    "45": [
        0.8914075700449757,
        0.2817364100483246,
        0.8089771190425381,
        0.407929981010966,
        0.906953188998159
    ],
    "46": [
        0.8051575919962488,
        0.18088137597078457,
        0.4207861659815535,
        0.6932472459739074,
        0.5292123590479605
    ],
    "47": [
        1.1138787169475108,
        0.21263965201796964,
        0.6685841890284792,
        0.8560729249729775,
        0.2135810930049047
    ],
    "48": [
        0.42125502799171954,
        0.31992939597694203,
        1.3749927849858068,
        0.16497537394752726,
        0.3694613859988749
    ],
    "49": [
        0.1657752090250142,
        0.3666622749879025,
        0.46180480503244326,
        0.5708775270031765,
        0.5474351960001513
    ],
    "50": [
        0.9630787760252133,
        1.0820995990070514,
        0.7118814929854125,
        0.011889737972524017,
        1.014156095974613
    ],
    "51": [
        1.1096551579539664,
        1.4528468869975768,
        0.6414300359901972,
        0.47124444699147716,
        1.0070871399948373
    ],
    "52": [
        0.8494321859907359,
        0.48292725201463327,
        0.7996141800540499,
        0.718940146965906,
        0.770590366970282
    ],
    "53": [
        0.9811649639741518,
        0.4681584460195154,
        1.8677480949554592,
        0.8124106469913386,
        0.8826853669597767
    ],
    "54": [
        0.24689027399290353,
        1.3958808709867299,
        0.8464457939844579,
        0.25002014701021835,
        0.24939514399738982
    ],
    "55": [
        0.34865661105141044,
        0.3872370690223761,
        0.48896041099214926,
        0.013287495006807148,
        0.5593425519764423
    ],
    "56": [
        1.0581399969523773,
        0.9532525609829463,
        1.6196377970045432,
        0.20363983901916072,
        1.2369109070277773
    ],
    "57": [
        1.5401954139815643,
        0.4356374589842744,
        0.3984691630466841,
        0.9807759170071222,
        0.9738689780351706
    ],